"id","propuesta_id","experto_id","comentario"
"ce001","p009","exp001","La Constitución permite declarar estados de excepción con requisitos estrictos de necesidad, proporcionalidad y temporalidad. Cada declaración está sujeta al control automático de la Corte Constitucional. Emitir noventa decretos de emergencia en los primeros tres meses de gobierno desborda el diseño constitucional del estado de excepción y concentra el poder en el ejecutivo sin contrapesos legislativos ni judiciales efectivos en el corto plazo. La Corte Constitucional ha tumbado declaraciones de emergencia por no cumplir el requisito de excepcionalidad (Sentencia C-135 de 2009, entre otras)."
"ce002","p201","exp001","La Constitución de 1991 prohíbe penas perpetuas. Instaurarla requiere una reforma constitucional o un acto legislativo aprobado por medio de un referendo. Colombia es parte del Pacto Internacional de Derechos Civiles y Políticos y de la Convención Americana sobre Derechos Humanos, que exigen que las penas tengan la finalidad de resocializar. La Corte Interamericana de Derechos Humanos ha condicionado la cadena perpetua a la existencia de mecanismos de revisión de la pena."
"ce003","p010","exp001","Los bombardeos aéreos en zonas con presencia de población civil generan riesgo de violaciones al principio de distinción del DIH. La Corte Constitucional (Sentencia C-291 de 2007) y la jurisprudencia de la Corte Interamericana exigen proporcionalidad y precaución. El candidato propone bombardeos contra 'campamentos de grupos narcoterroristas y estructuras de minería ilegal', categorías que en la práctica incluyen zonas habitadas por civiles."
"ce004","p011","exp001","La Corte Constitucional condicionó la reanudación de la aspersión aérea con glifosato al cumplimiento de requisitos de salud pública, impacto ambiental y consulta previa con comunidades afectadas (Sentencia T-236 de 2017). Esos requisitos no están satisfechos. La evidencia de quince años de aspersión en Colombia muestra desplazamiento de cultivos sin reducción de la producción total, y efectos adversos en la salud de las poblaciones expuestas."
"ce005","p013","exp001","Garantizar la defensa jurídica a los miembros de la Fuerza Pública es legítimo. Formular esa garantía como eliminación del 'temor a represalias legales' sugiere una reducción de los controles sobre el uso de la fuerza. Los controles judiciales sobre la conducta de la Fuerza Pública son una garantía constitucional (artículos 217-219 de la Constitución) y una obligación internacional del Estado. Debilitarlos incrementa el riesgo de conductas ilegales y expone a los propios miembros de la Fuerza Pública a la jurisdicción penal internacional."
"ce006","p001","exp001","El Acuerdo de 2016 desmovilizó a las FARC-EP. Priorizar su implementación es legítimo. Convertirlo en el eje de la política de seguridad contra la criminalidad en el 2026 es un error de diagnóstico. Los actores que generan la mayor parte de la violencia actual —Clan del Golfo, ELN, disidencias del EMC, estructuras urbanas— no son parte del Acuerdo. La implementación del Acuerdo consume recursos políticos, fiscales y atención institucional que, si se absorben por completo en ese eje, harían falta para atender a los actores armados no firmantes. El Instituto Kroc de Notre Dame documenta que al cierre de 2024 solo el 32% de las disposiciones del Acuerdo se habían implementado completamente."
"ce007","p006","exp001","La legalización del cannabis recreativo tiene precedentes internacionales (Uruguay, Canadá) y un proyecto de acto legislativo pasó siete de ocho debates en el Congreso colombiano. La legalización de la hoja de coca, en cambio, colisiona con las convenciones de Naciones Unidas sobre estupefacientes de las que Colombia es parte (Convención Única de 1961, Convención de 1988). Denunciar esas convenciones tendría consecuencias diplomáticas, comerciales y de cooperación internacional que la propuesta no contempla."
"ce008","p024","exp001","La propuesta enfrenta las mismas restricciones constitucionales y de evidencia que la de Abelardo. La Corte Constitucional condicionó la reanudación a requisitos de salud pública, impacto ambiental y consulta previa que no están satisfechos (Sentencia T-236 de 2017). La distinción entre cultivos 'industriales' y pequeños es operativamente difícil en campo y no cambia el mecanismo de desplazamiento documentado en la evidencia."
"ce009","p173","exp001","El marco jurídico colombiano distingue entre conflicto armado (DIH) y seguridad ciudadana (derecho penal y estándares de derechos humanos). Un 'marco diferencial' que trate a organizaciones criminales como combatientes sin que cumplan los criterios del DIH carece de base jurídica. Si lo que se busca es flexibilizar las reglas de enfrentamiento contra criminales, la medida expondría al Estado y a miembros de la Fuerza Pública a responsabilidad penal internacional."
"ce010","p018","exp001","La incorporación de 30.000 militares y 30.000 policías genera un gasto rígido de largo plazo (nómina, pensiones, prestaciones). El 79% del presupuesto del Ministerio de Defensa ya se destina a costos de personal. La evidencia sobre efectividad policial muestra que el factor decisivo no es el número de uniformados sino el diseño de su despliegue: el patrullaje en zonas de alta concentración del delito y la disuasión focalizada producen resultados más consistentes que la expansión cuantitativa."
"ce011","p174","exp001","La protesta social es un derecho fundamental protegido por la Constitución (artículos 37 y 38) y por la Convención Americana sobre Derechos Humanos. La Corte Constitucional ha fijado los límites de la regulación de la protesta (Sentencia SU-546 de 2023, entre otras). El vandalismo ya está tipificado en el Código Penal. Una ley que regule la protesta tiende a ser utilizada contra la movilización legítima. Los estándares internacionales de derechos humanos (Comisión Interamericana, Relator de la ONU sobre libertad de reunión) advierten contra este tipo de legislación."
"ce012","p027","exp001","La ampliación cuantitativa del pie de fuerza policial genera compromisos fiscales de largo plazo sin garantía de mejora en resultados de seguridad. Colombia ha expandido el pie de fuerza en ciclos sucesivos sin que la reducción de violencia sea proporcional. La evidencia muestra que la efectividad policial depende del diseño de despliegue (focalización territorial, inteligencia, disuasión focalizada), no del volumen. El candidato combina esta propuesta con vigilancia comunitaria y tecnología, lo cual mitiga parcialmente el riesgo."
"ce013","p195","exp001","La propuesta de una Fiscalía Antimafia con un régimen de 'mínimas garantías y máximos controles' para los grandes criminales contradice el principio de igualdad ante la ley y las garantías del debido proceso (artículos 13 y 29 de la Constitución). Las garantías procesales no se gradúan según la gravedad del delito. Reducirlas para una categoría de acusados crea un régimen de excepción incompatible con el Estado de derecho. La experiencia italiana, que la propuesta invoca implícitamente, opera dentro del marco de garantías del derecho europeo, no fuera de él."
"ce014","p197","exp001","La estructura interna de la Fiscalía General de la Nación corresponde a la Fiscal General, que es autónoma constitucionalmente (artículo 249 de la Constitución). El ejecutivo no puede crear, reorganizar ni dirigir unidades dentro de la Fiscalía. La propuesta confunde competencias. Lo que el ejecutivo puede hacer es impulsar legislación que fortalezca la capacidad investigativa, como lo ha hecho Italia con la Direzione Nazionale Antimafia, creada por ley en 1991."
"ce015","p195","exp001","Sanción drástica a la reincidencia y uso de armas'. La formulación sugiere endurecimiento de penas como mecanismo de reducción del delito. La evidencia sobre disuasión muestra que el factor decisivo es la certeza de la sanción, no su severidad. Colombia ya tiene penas altas para delitos graves con armas. El cuello de botella es la impunidad: el 96% de las denuncias por extorsión en 2024 no avanzo en la justicia. Aumentar las penas sin aumentar la probabilidad de condena no reduce el delito. Incrementa el hacinamiento carcelario."
"ce016","p080","exp003","La bandera amarilla estaría en que sus propuestas sobre reducción tarifaria en el Caribe deben aterrizarse con mecanismos concretos: quién paga, con qué fuente fiscal, qué parte corresponde a pérdidas, qué parte a infraestructura y qué parte a deuda acumulada. Prometer bajar tarifas sin resolver esos factores puede generar expectativas difíciles de cumplir. "
"ce017","p069","exp003","La propuesta parece partir de una visión ideológica de sustitución acelerada de hidrocarburos y minería por renovables, sin explicar cómo se garantiza la energía firme, el gas para la industria, la generación térmica de respaldo, la estabilidad fiscal, ni la confiabilidad del sistema. Prohibir o cerrar caminos de exploración y explotación sin una fuente sustituta real puede afectar seguridad energética, ingresos fiscales, balanza externa y estabilidad tarifaria."
"ce018","p071","exp003","Es determinante en la prohibición del fracking. Si bien esta técnica ha sido muy cuestionada, también ha evolucionado tecnológicamente. Aunque no elimina riesgos, los reduce significativamente bajo regulación estricta. Hoy existen prácticas más seguras y controladas que sin duda garantizan la seguridad y confiabilidad energética. Para Colombia el uso de esta práctica significa reducir la dependencia de importaciones de gas y evitar choques de precios internacionales. Con una mayor oferta interna de gas y petróleo tiende a estabilizar precios, condición que beneficia directamente al usuario. Las energías renovables son fundamentales en la transición y en el aporte a mitigar el cambio climático sin embargo su intermitencia no garantiza la confiabilidad energética. "
"ce019","p095","exp003","La bandera amarilla está en el “licenciamiento exprés” y en la idea de que la consulta previa no sea un veto. Técnicamente es correcto que la consulta previa no debe paralizar indefinidamente proyectos estratégicos, pero constitucionalmente debe manejarse con mucho cuidado: no puede vaciarse el derecho fundamental de las comunidades étnicas. El reto está en acelerar sin atropellar derechos."
"ce020","p097","exp003","Alerta amarilla en las metas numéricas: Instalar 1.000 MW anuales exige instrumentos, financiación y cronograma realista. El riesgo no es conceptual, sino de ejecución."
"ce021","p100","exp003","Alerta amarilla en las metas numéricas: Reducir tarifas entre 10% y 15% exige instrumentos, financiación y cronograma realista. El riesgo no es conceptual, sino de ejecución."
"ce022","p102","exp003","Alerta amarilla en las metas numéricas: Reducir interrupciones en el Caribe exige instrumentos, financiación y cronograma realista. El riesgo no es conceptual, sino de ejecución."
"ce023","p106","exp003","La bandera amarilla está en la falta de profundidad. El problema del Caribe no se resuelve solo con postes, transformadores y cableado; también exige enfrentar pérdidas, recaudo, normalización de usuarios, deuda acumulada, calidad del operador, subsidios y fuentes fiscales sostenibles."
"ce024","p006","exp002","En materia de economías criminales, plantea la legalización industrial de la marihuana y la coca, con un cambio del discurso prohibicionista tradicional internacional y habla de la sustitución de cultivos ilícitos y de la protección de las comunidades campesinas en ese proceso."
"ce025","p007","exp002","No habla mucho de las capacidades militares, o no plantea un ejercicio de capacidades militares, sino lo que hace es prometer mejores incentivos para las fuerzas militares, sobre todo la democratización, que llama él, de las fuerzas, y deja por fuera una posición sobre como atender las fronteras en materia de seguridad."
"ce026","p002","exp002","Lo mejor es que reconoce las causas sociales y que esto se debe hacer a partir de la transformación de los territorios. Hace propuestas interesantes sobre el reclutamiento y habla de superar el abandono territorial, y el control de la extorsión de las ciudades, en lo urbano. Eso es curioso porque le habla a un electorado que está preocupado, sobre todo de comerciantes pequeños que están preocupados por la extorsión en gran parte del país."
"ce027","p012","exp002","Plantea un cierre abrupto de la Paz Total, cosa que tampoco es recomendable. Nosotros sí consideramos que la Paz Total debe de alguna manera cerrarse, pero debe ser un cierre responsable. No hacerlo de manera responsable podría implicar un aumento de la violencia y también porque hay por lo menos 55 acuerdos territoriales con las comunidades que toca cerrar de manera responsable, que tienen que ver con transformaciones territoriales, entre ellos programas de sustitución de cultivos ilícitos muy enfocados en la zona de la Coordinadora Nacional Ejército Bolivariano, que es Putumayo y Nariño, pero también zonas del Clan del Golfo con los últimos acuerdos a los que se llegaron y la apertura de esos territorios para programas de sustitución a través de la Dirección de Sustitución."
"ce028","p011","exp002","Los análisis que nosotros hacemos nos indican que solamente puedes hacer medidas de erradicación forzada más o menos en 15 mil hectáreas de las 262 mil que tenemos en todo el país. Y si quieres hacer aspersión terrestre, se podrían hacer en máximo 30 mil hectáreas. Es decir que tienes una limitación. Si te va muy bien (y eso que no los puedes sumar porque los territorios se traslapan entre ellos), tendrías 40 mil a 45 mil hectáreas a lo sumo que podrías atender con medidas coercitivas o herramientas de esa naturaleza, que son necesarias; nosotros sí creemos que son necesarias, pero lo cierto es que hay restricciones legales, incluso constitucionales, y de jurisprudencia que no van a permitir hacerlo en el corto plazo y cambiar eso va a ser bastante difícil."
"ce029","p010","exp002","Habla de utilizar bombardeos como una estrategia contra las economias criminales. Eso suena bonito, pero es muy difícil de materializar. Suponemos que se trata de bombardeos a infraestructura logística y de transformación. Eso tiene dificultades en su implementación por el principio de distinción en el Derecho Internacional Humanitario que creemos que va a ser muy difícil que lo puedan superar. "
"ce030","p022","exp002","Frente a las economías criminales ella habla de asfixia financiera. Creemos que es un buen camino. También de extinción de dominio express, lo que implicaría hacer varias reformas legales para tener el control de los bienes muy rápidamente en el proceso judicial. Es una buena apuesta, todos los candidatos la hacen en general, pero eso implicaría unas reformas que no sabemos si el tiempo les da. Entonces extinción dominio express entre comillas no es express. Incluso hoy en día, que es un cambio que hizo este gobierno en su Plan de Desarrollo, tú puedes hacer en este momento de manera rápida ventas de estos bienes sin necesidad de que haya conclusión judicial, que antes no pasaba con los bienes inmuebles. Hoy lo que hace la Agencia Nacional de Tierras es comprar la tierra que no ha sido extinta judicialmente, que no tiene sentencia definitiva, a la Sociedad de Activos Especiales, para entregarla a los campesinos. Eso ya está pasando. Eso es una extinción express del derecho de dominio. Entonces no sabemos muy bien a que hace referencia, pero nos parece que es una idea interesante que toca ver cómo se materializa a través de reformas legales."
"ce031","p018","exp002","Lo complejo es el salto cuantitativo en el PIB que se debe lograr para materializar su propuesta. Ella lo plantea. 60 mil nuevos uniformados es un número muy exigente, que exige una fuente fiscal que puede costar al año perfectamente, dependiendo de a que se refiere, si son solamente soldados o si es también involucrar personal de oficiales y suboficiales o de personal ejecutivo, habría que ver a que hace referencia, pero ese costo puede estar cercano en los cuatro años a un punto porcentual del PIB."
"ce032","p021","exp002","Nos preocupa mucho esta idea de que la respuesta en las zonas críticas debe ser fundamentalmente con la fuerza militar. Es decir, la fuerza militar llega al territorio, se instala, no solamente hace control territorial sino que presta los servicios básicos, hace las carreteras, el soldado es al mismo tiempo el médico, el maestro. Esa visión de la acción integral clásica nos parece preocupante. "
"ce033","p167","exp002","A nosotros lo que nos han dicho algunos jueces y fiscales en territorio es que si ponen esas responsabilidades no van a poder tomar decisiones autónomamente. Como esta contradicción entre mayor descentralización y desconcentración en administración de la justicia a una situación que ya impide que la justicia en los territorios -como la hemos pedido mucho durante muchos años- pueda materializarse en la actual circunstancia de gobernanza criminal que tenemos en muchas de estas zonas del país. "
"ce034","p197","exp002","Habla de fiscalía antimafia y cárceles de alta seguridad, sustitución de economías, transformación del territorio y control territorial. Son mensajes conceptualmente sólidos, pero sin una materialidad concreta. "
"ce035","p195","exp002","Plantea una transición institucional en casi todos los sectores que tienen que ver con este asunto. Entonces el sector justicia, el sector defensa, la rama judicial en sí misma, eso implica unos desafíos gigantescos que nos parece muy complejo materializar."
"ce036","p029","exp002","Los costos de la expansión que está proponiendo de las cárceles no se sabe de donde van a salir. "
"ce037","p027","exp002","Los costos de la expansión que está proponiendo de la fuerza pública no se sabe de donde van a salir. "
"ce038","p002","exp002","Hay banderas rojas frente a la continuidad de la Paz Total que ha impuesto incluso la Corte Constitucional y que yo creo que en muchos sentidos sí plantea dificultades desde el punto de vista operativo para continuar con las zonas de ubicación temporal, por ejemplo. En la medida en que no hay un marco de sometimiento claro, hay unas incertidumbres jurídicas que plantean banderas rojas a nivel legal e incluso constitucional, pero no creo que podamos establecerlo tan claramente en el programa porque es poco preciso."
"ce039","p120","exp004","La “cero tolerancia a las invasiones”, definido como delito económico y combatido de manera expresa con la presencia inmediata de la fuerza pública, sin mediaciones previas, es problemática en la medida que aumentará la conflictividad social."
"ce040","p203","exp004","El uso de las fuerzas militares, y no policiales, para combatir el delito de abigeato, podría suponer un problema de jurisdicción en el interior de las fuerzas armadas."
"ce041","p114","exp004","Esto implica cargar también con los aspectos negativos de la Reforma Agraria actual: solo se ha entregado el 25,5% de los 3 millones de hectáreas consagrados en el PND 2022-2026; la mayoría de tierras entregadas no tienen titulación, un problema que deberá enfrentar el siguiente gobierno; múltiples denuncias de compras de tierras con sobrecostos multimillonarios; no se ha evaluado la idoneidad de las más de 222 mil hectáreas que el gobierno le compró a FEDEGAN."
"ce042","p117","exp004","Aunque históricamente como senador Cepeda ha expresado los inconvenientes que suponen para el agro, entre sus propuestas no se encuentra la renegociación de los TLC. Es imposible recuperar esas cadenas productivas en ambiente de TLC."
"ce043","p130","exp004","Es un mecanismo implementado desde hace más de dos décadas, con origen en el gobierno de su 'padre' político Álvaro Uribe. Sin embargo, la experiencia colombiana y los estudios de impacto disponibles muestran que los PSA suelen financiar tierras que ya estaban protegidas o cuyos dueños tenían intención de conservarlas, lo que desperdicia recursos sin atacar la deforestación real. El problema se desplaza a otras zonas y se erosiona el compromiso ético de las comunidades rurales al convertir el cuidado del territorio a una transacción económica que podría desaparecer si se acaba el presupuesto."
"ce044","p133","exp004","Presenta una propuesta sólida que además vendría a resolver un problema que deja el gobierno actual: la reforma agraria ha entregado tierras sin el respaldo necesario para hacerlas productivas. Esto responde directamente a una queja recurrente de beneficiarios del programa vigente: recibieron tierra, pero no las herramientas para trabajarla. Sin asistencia técnica ni infraestructura, la tierra no es productiva."
"ce045","p040","exp005","Ha hablado de un plan de choque en salud que prioriza el acceso a medicamentos, pero sin claridad sobre si habrá una inyección real de recursos al sector. También ha dicho que no va a estatizar la salud pero queda pendiente ver si eso se concreta. El debate central no es defender o eliminar las EPS, sino quién gestiona los riesgos y actúa como comprador inteligente para los pacientes. Finalmente, el discurso del gobierno de un modelo 'preventivo, predictivo y resolutivo' describe un modelo de atención, no un sistema de salud. La distinción importa porque detrás se esconde la estatización del sistema. Las personas estarían adscritas a un centro de atención manejado por el Estado."
"ce046","p041","exp005","En su plan de choque a noventa días para oxigenar el sistema no está claro cómo lo va a hacer. Es importante decir lo de los diez billones de pesos o pagarle a los profesionales o lo del saneamiento de la deuda, pero el tema es que el país tiene una situación fiscal muy compleja y no es claro cómo lo va a hacer."
"ce047","p042","exp005","No es claro cómo lo va a hacer. El sector privado ha perdido apetito por asumir el riesgo financiero del aseguramiento, y esa es una realidad que hay que negociar. Volver al statu quo de lo que ocurría antes del 2022 no es viable. Además, la propuesta no menciona cómo va a ser el rescate de las EPS intervenidas."
"ce048","p044","exp005","Regresar al statu quo para después ver si vamos a arreglarlo no es una opción. El verdadero vacío de la propuesta está en los tres componentes de la gestión integral del riesgo en salud: el financiero (quién asume las pérdidas), el operativo (quién gestiona contratos, facturas, atención y seguimiento a usuarios) y el técnico (quién anticipa y previene el perfil de enfermedad de la población afiliada). Ninguno de los tres está desarrollado con claridad. El debate no es estatizar o privatizar, sino cómo construir un sistema bien diseñado que funcione para los colombianos."
"ce049","p047","exp005","Lo que está proponiendo es una privatización, una participación muy activa del sector privado en el manejo de la salud, y allá tampoco nos podemos pasar porque los incentivos del sector privado no son los mismos del sector público. Habíamos logrado algo bueno, la alianza público privada, entonces aquí deja entrever que esto lo tiene que manejar el sector privado. En la salud, el manejo del sector privado es insolidario, no necesariamente está pensando en el bien común, busca maximizar sus rentas y eso es legítimo para el sector privado, pero por eso en salud se necesita una regulación en la que que participe el sector privado, pero muy regulado por el Estado."
"ce050","p048","exp005","Ella habla de algo importante que ojalá se haga bien, que es tener un puesto de mando unificado. Más allá de crearlo, lo importante es el liderazgo que nazca de ese puesto de mando unificado. ¿Cuál es el mensaje al sector salud? ¿Qué es lo que le está diciendo al sector salud? ¿Reconstituir el sistema de salud, evolucionarlo en qué condiciones? ¿Con la participación de quién? ¿Vamos para una nueva reforma o no vamos para una nueva reforma? ¿Cómo se quiere hacer esa reforma? ¿Cuál es el horizonte? ¿Para dónde queremos llevar el sistema de salud? todas esas respuestas a esas preguntas no se ven, aunque aquí hay una muy buena intención."
"ce051","p049","exp005","Tiene un enfoque en resolver los problemas más inmediatos a la gente, que hoy son el acceso a medicamentos y a tratamientos. La pregunta es, ¿eso lo va a hacer con operadores logísticos? ¿eso lo va a hacer el gobierno directamente? Una cosa es compras centralizadas y otra es negociaciones centralizadas."
"ce052","p051","exp005","Sobre el pago de la deuda y prestadores vía titularización, la pregunta es ¿Cómo se van a titular? ¿Cuál va a ser la titularización y con qué condiciones, a cuánto tiempo? Yo creo que eso es factible. Es difícil de evaluar y de hacerle seguimiento, pero es una decisión acertada, porque lo que se busca no es simplemente darle unas platas para pagar unas deudas. Una parte importante de esa titularización pasa por transparentar la deuda, aclarar quién le debe a quién y cuánto, cómo se va a titularizar y cómo se va a pagar."
"ce053","p052","exp005","El ajuste de la unidad de pago por capitación para 2027 es algo que el que llegue a la presidencia tiene que hacer. Pero la pregunta ahí es si van a cumplir con el auto de la Corte del año pasado, que le ordenó al Ministerio de Salud actualizar el cálculo de la unidad de pago por capitación del año desde el 2021 hasta el 2025 a ver si había faltantes. Este gobierno no quiso hacerlo y lo ha desacatado. Entonces hay que hacer el ajuste de la UPC para el 2027, pero cumpliendo con esa revisión."
"ce054","p053","exp005","No sé si tengamos los suficientes centros de alta complejidad para que eso se haga en todos los departamentos. ¿Eso cómo se va a hacer? Porque puede ser una muy buena intención, pero la resolución de fondo es: ¿Cuál es la meta? Si con eso solo se pretende solucionar la inequidad rural que hay entre el campo y la ciudad, no se va a lograr. Se necesitan muchas cosas más."
"ce055","p054","exp005","Sobre los nueve billones para estabilizar el sistema, la pregunta es ¿de dónde los va a sacar?"
"ce056","p057","exp005","El énfasis en salud mental es acertado, pero 30 centros de atención no parecería suficiente porque no alcanza a ser un centro de atención en salud mental por departamento. Y la otra gran pregunta es con qué talento humano. Ese es el reto mayor, con quién se va a atender eso."
"ce057","p059","exp005"," La territorialización de las EPS es necesaria. El modelo planteado —atención primaria con base en medicina familiar y comunitaria, prevención de enfermedades crónicas, promoción de hábitos saludables y controles más fuertes en el territorio— refleja una comprensión madura de la necesidad de descentralizar el sistema. Sin embargo, no es claro cómo se implementaría en la práctica."
"ce058","p060","exp005","En el tema de acceso a medicamentos, me parece que no se limitan exclusivamente a lo inmediato, sino también a la necesidad de darle cuerpo a algo que está detrás de esto y es una política nacional farmacéutica que haga sostenible el sistema de salud, que incorpore la innovación, pero la innovación que desarrolla además soberanía sanitaria del país, sin perjuicio de contar con la que viene de fuera."
"ce059","p064","exp005","Antes teníamos el plan obligatorio de salud, que estaba explícito. Eso se cambió con la ley estatutaria a un plan implícito, que quiere decir que todo está incluido mientras no esté debidamente excluido, o sea, en vez de tener una lista positiva de inclusiones ahora tenemos una lista negativa de exclusiones. Entonces, la candidata vuelve al sistema mixto e integral de salud con planes explícitos. A mí me parece que es una buena propuesta. La discusión ahí es cómo hacer para que la Corte Constitucional acepte el plan de beneficios explícito que significa volver a un plan obligatorio de salud. La Corte lo podría ver como una regresividad en el derecho y habría que ver cómo se hace. La sostenibilidad del sistema es clave."
"ce060","p065","exp005","¿Qué significa sistema público de rescate? Eso es como el FOGAFIN en el sector financiero y es como un fondo semejante. Eso funciona en el sector financiero y es una manera de apalancar y disminuir los riesgos de quiebra o riesgos que terminan afectando los pacientes. Esa podría ser una buena alternativa, pero le falta explicación."
"ce061","p066","exp005","Estoy completamente de acuerdo con que es algo necesario, pero el sistema de cuidado tiene que estar adecuadamente financiado. El cuidado es complementario al sistema de salud, entonces no puede ser con recursos del sistema de salud."
"ce062","p068","exp005","Ese es un estudio que vale mucha plata. Ojalá se haga. Tener claridad sobre cómo es que nos estamos gastando la plata de verdad me parece que se necesita"
"ce063","p119","exp006","La propuesta de titulación masiva no es realista y sería muy difícil de implementar, por lo menos por cuatro razones: (i) no parte de un diagnóstico serio (es decir, basado en datos confiables); esto además supondría conocer exactamente la situación de cada predio y beneficiario (en el marco de un proceso reglado y con tiempos establecidos); (ii) requiere complejas reformas legales (a procedimientos y estructura interna de ANT y SNR); (iii) desconoce las realidades territoriales y en consecuencia podría ser un formidable obstáculo a la implementación del catastro multipropósito; y finalmente, (iv) al desconocer la situación legal de los predios, esta medida es potencialmente inconstitucional al contravenir -sin proceso alguno- la garantía del derecho a la propiedad."
"ce064","p122","exp006","El campo necesita instrumentos de financiamiento específicos que desarrollen la política pública agropecuaria. Si bien plantear alivios e iniciativas en materia de insumos, fertilizantes, distritos de riego y vías es importante, son apenas medidas complementarias -no estructurales- que deberían integrar en su conjunto un plan de desarrollo rural y agrícola integral."
"ce065","p120","exp006","La presencia militar permanente, se asume, protegiendo predios e intereses privados, no sólo es inconstitucional si no que desnaturaliza la misión pública de las FFAA (C.P. art. 217 inciso 2)."
"ce066","p112","exp006","La afirmación de la protección del campesinado como sujeto de derechos, es desarrollo de la jurisprudencia constitucional y de tratados internacionales suscritos por Colombia y ha sido bandera de la política agro del gobierno actual. Es constitucional."
"ce067","p113","exp006","La política de redistribución, restitución y recuperación de tierras y activos productivos; y en general, el mejoramiento de las condiciones de los campesinos, la diversificación en la producción de alimentos, el fortalecimiento de la institucionalidad agropecuaria, la implementación de la jurisdicción agraria (avalada por la Corte Constitucional), como formas diversas de la lucha contra el hambre y la consolidación de la soberanía alimentaria, son apuestas reformistas y de continuidad de las políticas que en el sector ha implementado el gobierno actual."
"ce068","p140","exp006","Esta apuesta parece promover varias reformas legales, que podrían tener un impacto profundo en el diseño constitucional actual: (i) reordenar el territorio supone expedir una nueva ley orgánica de ordenamiento territorial (con el debate siempre presente del cambio de modelo centralista hacia el federalismo, y ese cambio implicaría una reforma constitucional); (ii) descentralizar el DNP también podría implicar, dependiendo del alcance de la transformación institucional, una reforma constitucional."
"ce069","p077","exp007","En el tema del fracking los protocolos y reglamentos técnicos ya existen. Es decir, tenemos que trabajar tal vez en una actualización de los mismos, pero no en la elaboración desde cero de reglamentos técnicos."
"ce070","p080","exp007","El problema tarifario en la costa Caribe sí requiere una regulación diferencial para atender ese mercado. Las reglas que existen hoy en materia tarifaria para el sector eléctrico no tienen una segmentación por mercados (región Andina, Pacífica, Caribe, etc.) y lo que se ha propuesto desde diferentes escenarios es que el Caribe efectivamente sí necesita una regulación eléctrica y tarifaria diferencial."
"ce071","p088","exp007","Colombia sí necesita una política de Estado articulada en materia de lucha contra la minería ilegal que tenga un enfoque transnacional. Eso no existe, no se ha manejado desde esa óptica, y dada la magnitud del fenómeno, es necesaria la cooperación regional e internacional para poder hacer frente a la problemática. No basta con sacar más normas; hace falta liderazgo, coordinación, y articulación interinstitucional, pero sobre todo recursos, desde el punto de vista militar, económico, en materia de inteligencia y liderazgo a nivel regional."
"ce072","p089","exp007","Desde el punto de vista jurídico no es viable hoy. Habría que hacer una reforma de orden legal para poderlo viabilizar. Yo la verdad eso no lo veo muy claro porque en últimas el Banco de la República tendrá que adoptar las funciones de agente especial en la cadena minera como comprador de última instancia de oro, entonces es viable hacerlo pero se necesita una ley de la República."
"ce073","p096","exp007","En Colombia sí se necesita definitivamente una ley que regule la consulta previa y le ponga orden, tiempos, procedimientos claros, etc. Eso sería muy necesario. No sale así planteado en la propuesta, pero uno esperaría que ojalá se pudiese tramitar a nivel de ley de la República."
"ce074","p095","exp007","Lograr mayor eficiencia en el licenciamiento ambiental se podría hacer a través de la función reglamentaria del Ministerio de Ambiente."
"ce075","p098","exp007","No se necesita una ley para implementar eso porque ya existe en Colombia, a través de las sociedades de beneficio de interés colectivo, las denominadas BIC, como Quebradona. Eso ya se puede hacer sin necesidad de modificación legal."
"ce076","p100","exp007","No dice cómo va a reducir las tarifas entre un 10 y un 15%. Eso necesita la modificación regulatoria del marco tarifario, pero no dice de dónde se va a reducir ese componente de tarifas. Dice que fomentando la competencia, pero la introducción de mayor competencia implica el desarrollo de nuevos proyectos de generación y ese desarrollo está atado a que efectivamente los proyectos entren en tiempo y se puedan materializar. Las tecnologías más económicas en Colombia de generación son la hidráulica y en su orden la solar. No tenemos proyectos eólicos, entonces no sabría qué ventajas va a traer en materia tarifaria y con qué tecnologías. Obvio, si hay mayor oferta de energía se supone que las tarifas bajarían. El problema es que eso no va a tener lugar en el corto plazo, de aquí a de dos años. Entonces ahí hace falta detallar más esta propuesta."
"ce077","p071","exp007","La prohibición del fracking requeriría una ley de la República. Se ha intentado varias veces en el Congreso y esos proyectos de ley no han sido exitosos, entonces es de imaginar que desde el gobierno se reactiven los proyectos de ley existentes en ese sentido o se formule un nuevo proyecto con el respaldo del gobierno."
"ce078","p069","exp007","Uno supondría que se seguiría con la misma línea de no firmar unos contratos de exploracion y produccion de hidrocarburos agravando aún más la vulnerabilidad energética que ya tiene Colombia, habiendo perdido la autosuficiencia en materia de gas, y con la paulatina reducción de las reservas probadas en materia petrolera."
"ce079","p073","exp007","Se necesitaría una ley en dos sentidos. Primero en materia de participación ciudadana, que habilite y avale las consultas populares en el sector minero y más que eso la obligatoriedad de las consultas populares que se desarrollan en los territorios como una medida de carácter vinculante respecto a la ejecución de los proyectos. Hoy en dia no es así: en Colombia no hay un poder de veto en cabeza de las comunidades. Se entiende, de lo que se plantea ahí, que se pretende resucitar ese poder de veto a través de las consultas populares en cabeza de las comunidades, pero eso requeriría una ley de la República."
"ce080","p106","exp007","Habría que modificar la ley de regalías para poderlo hacer porque esa ley dice que la destinación de esos recursos es inversión en general: social, infraestructura, de acuerdo con las necesidades de las entidades territoriales. Habría que hacer un ajuste de carácter legal para poder utilizar esos recursos para infraestructura de transmisión nacional. La pregunta también es ¿quién las haría? Me imagino que estaría a cargo de Ecopetrol, pero Ecopetrol no puede echar mano de todos los recursos de regalías para una actividad sería un negocio propio de Ecopetrol. Ahí jurídicamente hay varios reparos."
"ce081","p041","exp008","Un saneamiento para el pasivo grande cuyo estimado es de 30 a 50 billones de pesos, es imposible de atender por la Nación. Tampoco es claro cómo el Estado puede pagar deudas de privados."
"ce082","p042","exp008","No menciona nada sobre las EPS intervenidas y eso es hoy el 50% del sistema de salud. El 7 de agosto, el Presidente se enfrenta a dos sistemas de salud, uno bajo control de 7 EPS intervenidas y otro con operadores privados. Es el asunto más urgente de cara a los pacientes: cómo se van a priorizar las atenciones, quién los va a atender."
"ce083","p051","exp008","No es clara la estrategia de titularización de pasivos con prestadores. A qué título el Estado asume la deuda con prestadores, que es una deuda de las EPS. Primero debe haber un reconocimiento de un pasivo del Estado para que este pueda titularizar su pago."
"ce084","p069","exp009","La suspensión de nuevas actividades de exploración y explotación parece una medida apresurada y no justificada, porque impone costos sociales excesivos para producir un impacto ambiental muy limitado. Usar en cambio los recursos generados para fortalecer el desarrollo de energía renovables no convencionales (FERNC) parece ser una medida más efectiva, que genera además seguridad en el abastecimiento eléctrico y minimiza riesgos, como los que típicamente están asociados al fenómeno del Niño."
"ce085","p108","exp009","La tecnología del fracking en el mundo se ha ido consolidando, jalonada especialmente por su desarrollo en Estados Unidos, donde representa ya más del 70% de la producción petrolera, y se han ido moderando los riesgos típicos asociados al proceso. La realización de pilotos adecuados permitirá al país evaluar con rigor riesgos y beneficios del proceso, para una toma adecuada de decisiones respecto a la tecnología."
"ce086","p074","exp009","La propuesta parece reflejar el sesgo negativo hacia la minería, que ha llevado a un significativo decrecimiento del sector en 2024 (-3,4%) y en 2025 (-6,2%), que deberá ser estudiada con ponderación en el país. Sin duda, será necesario que la explotación de las riquezas naturales sea consistente con una política ambiental estructurada, que incorpore las compensaciones necesarias cuando se generan efectos negativos. Y será necesario que los beneficios netos que produzcan compensen también a las comunidades que pudiesen ser afectadas por su desarrollo. Pero inhibir el aprovechamiento de las riquezas naturales afecta de manera sustancial el crecimiento económico y el bienestar general que es posible producir a partir de él. La regla básica debe ser que, en el desarrollo de las actividades mineras, no haya “perdedores netos”: que se compensen adecuadamente los efectos negativos, y que se usen las rentas generadas para profundizar mejoras en las condiciones de vida de la población. No es, por supuesto, una tarea fácil, pero los avances que se logren significarán progreso y bienestar para el país."
"ce087","p080","exp009","Los intentos de modificar tarifas de manera arbitraria, modificando parcialmente el esquema regulatorio, sólo conducen a generar restricciones a la oferta, que terminan por producir el efecto contrario. Así, el propósito tarifario debe estar enmarcado en un desarrollo ordenado de la capacidad de generación, con los debidos respaldos, que permita un abastecimiento seguro y eficiente."
"ce088","p070","exp009","La ampliación de cobertura, será un propósito que, bien llevado a la práctica, mejorará condiciones de vida de las personas, pero que deberá organizarse en marcos estructurados de política pública, en los que prime la eficiencia y profundización del servicio, sin recurrir a medidas improvisadas que terminen por poner en riesgo la seguridad y suficiencia del abastecimiento."
"ce089","p103","exp009","La ampliación de cobertura, será un propósito que, bien llevado a la práctica, mejorará condiciones de vida de las personas, pero que deberá organizarse en marcos estructurados de política pública, en los que prime la eficiencia y profundización del servicio, sin recurrir a medidas improvisadas que terminen por poner en riesgo la seguridad y suficiencia del abastecimiento."
"ce090","p095","exp009","Sin duda, los costos que se impongan a grupos sociales en un proyecto nunca podrán ser superiores a su beneficio, incluyendo las compensaciones adecuadas. Pero quizás el punto relevante sea alinear los intereses del país, de los inversionistas y de las comunidades, a través de formas estructuradas de participación, que difundan los beneficios entre todos los grupos de interés."
"ce091","p041","exp009","La inyección de capital al sistema es indispensable, pero las condiciones fiscales del país hacen prácticamente imposible incrementar el gasto público para hacerlo. Así que es necesario realizar reasignaciones presupuestales que lo permitan: en ello estará el reto fundamental de esa inyección. Con la opacidad actual del sistema, no será fácil dimensionar las deudas acumuladas por retrasos de pago con el personal médico, así que será necesario definir cómo establecer los montos a pagar. Y el acuerdo nacional sólo se producirá si se llega a un acuerdo sobre las fuentes de pago de los compromisos que se adquieran. Así que será necesario tener claras esas fuentes para dar fundamento sólido al acuerdo. "
"ce092","p042","exp009","Será necesario un mecanismo adecuado de evaluación de las EPS, para determinar cuáles son viables y cuáles deben ser liquidadas o sancionadas. Ahora bien: hasta ahora, las intervenciones han resultado ser poco eficientes. Así que será necesario diseñar esquemas efectivos de intervención, que permitan acotar el impacto de los problemas que enfrentan; identificar las causas de los problemas; e implementar modelos de gestión adecuados, para mejorar los resultados de su gestión. Y muy importante: será necesario preparar un esquema de traslado efectivo de pacientes a una EPS eficiente, cuando se constante que otra EPS no es viable."
"ce093","p045","exp009","Las propuestas en “nutrición infantil” y “deportes” deben ser parte de un enfoque integral de Salud Pública. Las fallas más protuberantes del sistema colombiano han sido las limitaciones de acceso y las deficiencias en prevención y atención básica. Sería en consecuencia interesante que el programa planteara un esquema general de Prevención y Atención Primaria en Salud, que revisase el programa de Equipos Básicos de Salud al que el gobierno actual destinó 4,2 billones entre 2023 y 2025, en la conformación de más de 10.000 equipos."
"ce094","p046","exp009","La posibilidad de crear “motorrutas” entra en contradicción con la limitada capacidad de las vías en las principales ciudades colombianas. Tendría que sopesarse con cuidado su efecto sobre la congestión vehicular. Y la reducción del valor del seguro obligatorio para el 80% de los motociclistas, difícilmente disminuirá la accidentalidad: contribuirá más bien a una problemática tradición de establecer excepciones en tributos, contribuciones y tarifas, que genera distorsiones en la economía, sin alcanzar resultados relevantes de eficiencia o equidad."
"ce095","p047","exp009","La administración basada en resultados es, ciertamente, un propósito loable, que debe mejorar la eficiencia del sistema, aprovechando aquello que es propio del sector privado en las economías de mercado: la gestión eficiente de los recursos en entornos competitivos. Pero como lo observan Porter y Teisberg (2006), hay que definir con cuidado cuál es la forma de competencia que permitirá un resultado meritorio. Y ella es la “competencia basada en el valor y en los resultados”, que busca, a través de un enfoque integral, centrado en las personas, optimizar las condiciones de salud a partir del uso eficiente de los recursos. "
"ce096","p040","exp009","La visión allí reflejada muestra la animadversión que anima al candidato hacia el sector privado. Su implementación implicará un retroceso enorme en los avances de la salud en Colombia, y profundizará sin duda problemas de cobertura, de acceso y sostenibilidad, al tiempo que hará más vulnerable aún el sistema a los embates de la corrupción. La clara inoperancia de las intervenciones hasta ahora realizadas muestra, a las claras, los vacíos y defectos del esquema sobre el que se basa la reforma propuesta. Hay, sin duda, muchas cosas que mejorar en el sistema todavía vigente: el acceso a toda la población; las mejores en prevención y en atención básica; esquemas de contratación más adecuados, que permitan implementar esquemas de gestión basados en el Valor de la Salud; una supervisión más efectiva, que impida usos inadecuados de recursos en el sistema y rentas a la corrupción. La intermediación financiera de las EPS (en el sentido de que sean intermediarias en los giros entre ADRES y las IPS) ya ha sido reemplazado por el giro directo, pero la gestión del riesgo sigue siendo una tarea compleja, para la que los esquemas de aseguramiento privado son una excelente alternativa. Juzgar su pertinencia, después de haber sometido al sistema a las presiones de una UPC insuficiente que ha generado un colosal deterioro patrimonial de las EPS de 14.5 billones de pesos entre 2022 y 2025, es por lo menos inapropiado. Así que sería necesario un análisis ponderado de las posibilidades del sistema, máxime cuando éste deberá servir de base a una transformación profunda que lo oriente al Valor de Salud, con nuevos sistemas que permitan extender la evaluación de los agentes del sistema por resultados en salud."
"ce097","p051","exp009","Hay que señalar que la titularización requerirá un esquema de generación futura de recursos, que la haga viable: mejoras en la gestión que produzcan ahorros; esquemas de contratación que se fundamenten en la creación de valor de la salud. Será necesario que el Puesto de Mando Unificado dé directrices adecuadas para implementar las titularizaciones.  Pero, además, habrá que estar preparados para reasignar de manera eficiente afiliados, cuando se haga inviable la operación de alguna EPS. Es un reto complejo, pero ciertamente el Puesto de Mando contribuirá a entender cuál debe ser la gestión adecuada en ese caso."
"ce098","p053","exp009","El despliegue de especialistas al campo, liderado por hospitales padrinos, requerirá un sólido desarrollo de la telemedicina, y de incentivos adecuados para los hospitales que participen del programa. Un adecuado mapeo de capacidades y necesidades, y de la resolutividad de las entidades en las regiones, debe ser la base del programa."
"ce099","p054","exp009","Dada la situación fiscal que recibirá el próximo gobierno, será necesario hacer los ajustes fiscales necesarios, para desplazar otros gastos y financiar este plan de estabilización de 9 billones. Hay que tener preparado su esquema de financiación."
"ce100","p055","exp009","Será necesario para ello revisar la UPC, de forma tal que las entidades del sistema EPS e IPS, incluyendo hospitales públicos, puedan operar adecuadamente sin restricciones severas de liquidez."
"ce101","p056","exp009","El pago a tiempo se restablecerá conforme se restablezcan las condiciones financieras del sistema de general. El tema de mejores salarios deberá ser objeto de estudio, para examinar el espacio que el sistema tiene para ello."
"ce102","p058","exp009","El necesario recálculo de la UPC y el cierre de brechas entre el régimen contributivo y subsidiado responde a una necesidad clara de ajuste de la UPC y a un propósito colectivo de equidad, largamente deseado. Y por supuesto, el uso de impuestos saludables para financiar el sistema es una alternativa interesante, que contribuiría a la sostenibilidad del sistema."
"ce103","p059","exp009","Es importante que se financie adecuadamente la red hospitalaria, bien sea dotándola de recursos públicos, o generando esquemas de “pago por disponibilidad” que pueda atraer inversionistas al sistema, garantizando una renta periódica a quienes instalen infraestructura hospitalaria. Por supuesto, el gran tema será cómo financiar adecuadamente el sistema, incluyendo la actualización de la UPC y el cierre de brechas entre los dos regímenes; el fortalecimiento de la APS; y la expansión de la infraestructura hospitalaria."
"ce104","p061","exp009","Hay que consolidar una política pública de talento humano en salud que garantice, en consonancia con el sistema educativo, la suficiencia del recurso humano en el sector, y permita la estructuración de incentivos adecuados para el ejercicio profesional adaptado a las necesidades de la población. Ello pone de presente la necesidad de coordinación entre políticas públicas de salud, políticas públicas de desarrollo de talento, y sistema de gestión de relaciones laborales acordes a las necesidades del sistema y a las aspiraciones del personal profesional. Un reto importante para eliminar limitaciones del sistema y propiciar el desarrollo del talento humano en el país."
"ce105","p062","exp009","Los retos del sistema de información son inmensos, por tres razones: debe consolidar un sistema de información potente, estructurada y confiable, que sirva de base para la toma de decisiones sobre el sistema; debe servir de base para la articular los esfuerzos de todos los agentes, en torno a la historia clínica interoperable, que garantice un esquema de atención no fragmentado, integrado y eficiente para mejorar la condición de salud de las personas; y debe servir de base para esquemas de remuneración basados en desempeño, que permita reemplazar en el futuro el “pago por evento” como esquema básico de remuneración del sistema. Sin duda, en ello será necesario aprovechar toda la experiencia acumulada en los sistemas vigentes, fortalecer los nuevos sistemas, e integrar herramientas nuevas y poderosas de Inteligencia Artificial, que permitan la interacción futura del sistema con las personas en esquemas integrales de gestión de la salud."
"ce106","p063","exp009","Tras la compleja situación de gobernanza que se ha vivido en el país, este será un tema fundamental, porque deberá orientar la transición hacia esquemas de gestión basados en desempeño, con una alta trazabilidad del sistema y esquemas de supervisión profundos, que limiten la gestión ineficiente o el uso indebido de recursos. En ello, puede cumplir un papel importante la Agencia Nacional Anticorrupción, pero sólo será efectiva si se crean condiciones de gestión, mecanismos de contratación y condiciones de transparencia en el manejo de la información, que limiten la discrecionalidad indebida en el manejo de los recursos."
"ce107","p064","exp009","El esquema de gestores y redes integradas podría ser una alternativa para el esquema actual de aseguramiento, pero podría debilitar los mecanismos a través de los cuales se gestiona el riesgo, si no se les dota de responsabilidades claras y mecanismos efectivos para dicha gestión. Ello no se reemplaza con auditoría pública, aunque claramente ésta es necesaria, habida cuenta de los problemas de corrupción que se han detectado en el sistema. En cuanto a las tablas de precios, hay que consolidar previamente el sistema de información que servirá de base para establecer esas tablas, de forma tal que reflejen adecuadamente condiciones de eficiencia en la prestación del servicio."
"ce108","p065","exp009","Un fondo público sería necesario sólo si no se proveen los fondos para garantizar el buen funcionamiento del sistema, actualizando la UPC y garantizando su flujo de recursos. Ello exigirá proveer los fondos necesarios, en una situación fiscal compleja como la que recibirá el próximo gobierno, lo que exigirá una reasignación presupuestal adecuada para financiar esos flujos."
"ce109","p067","exp009","El Sistema de información deberá servir de base, también, a esquemas de contratación basados en resultados, que permitan orientar el sistema al Valor de la Salud. Así que hay una tarea pendiente de diseño, necesaria para hacerlo efectivo."
"ce110","p075","exp010","En materia de hidrocarburos el rumbo es claro. Se establece la necesidad de permitir la suscripción de nuevos contratos, incluso de fracking. Esto no requiere ningún ajuste normativo, ya que la prohibición nunca se hizo por medio de actos administrativos sino, de hecho, similar a una moratoria. Es importante señalar que abrir una ronda petrolera o atraer inversión en materia de hidrocarburos no es sencillo, ni rápido y menos cuando el sector se reactiva en Venezuela."
"ce111","p080","exp010","Proponer la reducción de tarifas sin que afecten al usuario, es similar a lo que ha planteado el gobierno. El gran problema, es que, si el usuario no asume la carga, la deberá asumir el gobierno o la empresa. Existen mecanismos que pueden disminuir la carga de las empresas del Caribe y permitir un flujo de ingresos aguas abajo. Todo esto requiere desarrollos normativos y regulatorios, así como el fortalecimiento de los mecanismos de intervención."
"ce112","p081","exp010","La transición es esencial y debe apoyarse, desde la simplificación normativa y burocrática, para que los tiempos de retorno de inversión sean favorables y atractivos. Sin embargo, su participación en la matriz energética sigue siendo menor y no se le puede asignar toda la carga de la seguridad energética del país a estas fuentes de energía."
"ce113","p082","exp010","La energía nuclear es esencial y se requiere un apoyo decidido de la próxima administración, pero es un proyecto a largo plazo, con un potencial de entrada en operación mayor a 5 años."
"ce114","p069","exp010","Estas propuestas continúan la línea del gobierno actual. Sin embargo, es necesario conocer más detalle de las propuestas, ya que la incorporación de las FNCER puede querer decir una profundización de la desconcentración de Ecopetrol de su core business o un impulso de mayores subsidios al consumo a través de paneles solares. Es decir, no es clara cual es la propuesta o como se llevaría a cabo, pero sobre todo como resuelve los retos actuales del sector, como la crisis del Caribe o el posible efecto del fenómeno de El Niño. "
"ce115","p071","exp010","La propuesta de prohibición del fracking continúa los lineamientos de la administración actual. Sin embargo, no es claro si se seguirá intentando que la prohibición se haga por medio de una ley, o si se tomará una decisión a través de decreto o resolución. Es interesante que no se cierra la puerta a la exploración de yacimientos convencionales y a nuevos contratos de exploración. "
"ce116","p073","exp010","También se mantiene la línea de crear un expedir un nuevo Código Minero y probablemente la creación de una empresa estatal minera, como se ha propuesto en la administración actual. La prohibición de la minería en páramos y zonas de reserva ambiental ya existe. "
"ce117","p083","exp010","La reactivación de la asignación de áreas, es el objetivo claro de esta campaña, incluyendo el desarrollo del fracking en Colombia. También se plantea el fortalecimiento del gobierno corporativo de Ecopetrol. Sin embargo, no se dan detalles de cómo se llevarán a cabo estas propuestas y cuál es el impacto para los colombianos. "
"ce118","p088","exp010","La decidida lucha contra la minería ilegal es fundamental, pero se requieren mayores detalles de cómo se llevará a cabo. "
"ce119","p089","exp010","A pesar de que el patrón oro hoy no es parte de la política monetaria, la compra de oro por parte del Banco de la República es interesante, en la medida en que se haga a precio de mercado y no en desmedro de los productores nacionales. "
"ce120","p093","exp010","La aceleración de entrada en operación de proyectos y de mayor generación hidroeléctrica es técnicamente viable, pero tiene retos en materia social y ambiental que no se detalla cómo se superarían."
"ce121","p094","exp010","La idea de pensar a largo plazo, es lo más interesante de esta propuesta, ya que claramente ata el desarrollo eléctrico a la economía digital y la inteligencia artificial. Esto debería verse reflejado en el Plan Nacional de Desarrollo y en algún documento de política pública como una hoja de ruta energética, en un eventual gobierno."
"ce122","p095","exp010","A pesar de que se identifican los problemas de licenciamiento ambiental y social, no es claro mediante que mecanismos se implementarían ¿Se haría a través de una ley de consulta previa o un decreto? ¿Qué significa licencia exprés y quién la tramita? "
"ce123","p097","exp010"," Las propuestas son abiertas y gaseosas en materia de incorporación de FNCER a la matriz eléctrica. No se identifican riesgos como problemas de tensión en la red o de confiabilidad. Es interesante que se identifique la necesidad de convertir a las comunidades en socias de los proyectos renovables, en particular porque estas fuentes no generan regalías. "
"ce124","p101","exp010","La idea de incorporar medición inteligente lleva varios años en discusión, pero en mercados donde ni siquiera existe la medición tradicional, es poco práctica. "
"ce125","p102","exp010","No es claro si se propone un modelo de concesión u otro para asumir la operación del mercado de Air-E. Tampoco se identifica quién pagará la deuda actual de ese operador de red."
"ce126","p103","exp010","Es muy importante definir los mecanismos de expansión de la red. Sin embargo, se requiere mayor detalle sobre los mecanismos de remuneración y los responsables de los mismos, en zonas de baja demanda y altos costos operativos y de mantenimiento de la infraestructura. "
"ce127","p104","exp010","La idea de incorporar nuevas fuentes de gas desde cero es, por lo menos, ingenua. Un proyecto puede demorar de 7-11 años en producir su primer barril o equivalente de gas. "
"ce128","p106","exp010","Las propuestas son abiertas y gaseosas en materia de incorporación de FNCER a la matriz eléctrica. No se identifican riesgos como problemas de tensión en la red o de confiabilidad. Es interesante que se identifique la necesidad de convertir a las comunidades en socias de los proyectos renovables, en particular porque estas fuentes no generan regalías."
"ce129","p110","exp010","La idea de hacer partícipes a las comunidades coincide con la propuesta de otros candidatos. Es interesante que se proponga la estructura de APPs, la cual puede tener mayor aplicación en los proyectos eléctricos, pero menor viabilidad en los proyectos de combustibles fósiles, al incluir el elemento de riesgo y aleatorio, propio de estos contratos."
"ce130","p049","exp011","Hacer realidad esta propuesta implica que los candidatos señalen explícitamente la fuente de dichos recursos. En un contexto de déficit fiscal récord, difícilmente podrá el gobierno movilizar estos montos en el corto plazo sin pasar una ley de reforma tributaria o de nuevas fuentes para salud. Por ello es crítico que se defina la fuente de esos recursos que el sistema requiere urgentemente. "
"ce131","p041","exp011","Hacer realidad esta propuesta implica que los candidatos señalen explícitamente la fuente de dichos recursos. En un contexto de déficit fiscal récord, difícilmente podrá el gobierno movilizar estos montos en el corto plazo sin pasar una ley de reforma tributaria o de nuevas fuentes para salud. Por ello es crítico que se defina la fuente de esos recursos que el sistema requiere urgentemente. "
"ce132","p043","exp011","Liquidar la deuda total del sistema, estimada por Abelardo entre 30 y 50 billones, no parece una medida viable por la misma razón del déficit fiscal y el reducido espacio fiscal que deja este gobierno. Pero aún si se pudiera movilizar la mitad de ese dinero y entregarlo a prestadores y proveedores (asumiendo que toda la cadena de actores del sistema prefieran la certeza de recuperar algo de la cartera morosa que la incertidumbre de recuperarla completamente), es predecible que este enorme esfuerzo tendrá un efecto temporal, similar al que en su momento tuvo el Acuerdo de Punto Final del gobierno Duque. Y esto se explica porque en ninguna de las dos situaciones de “punto final” se resuelven los problemas de fondo que han llevado al sistema de salud a ser insostenible financieramente."
"ce133","p122","exp012","El precio doméstico de la urea y los compuestos NPK está atado al mercado internacional: más del 80% del consumo nacional es importado. La intervención de precios sin instrumentos paralelos —focalización en pequeños productores, sustitución por bioinsumos, capacidad productiva nacional— tiene un historial reciente verificable. El subsidio amplio a fertilizantes, implementado entre 2022 y 2024, enfrentó problemas documentados de focalización y de captura de margen por parte de intermediarios, según los informes de seguimiento de la Contraloría General. Bajar el precio del fertilizante no equivale a bajar el costo de producción para el pequeño productor. Sin focalización, no llega al destinatario; sin alternativa nacional, no es sostenible fiscalmente."
"ce134","p113","exp012","El compromiso continúa la apuesta del actual gobierno, cuya meta declarada fue tres millones de hectáreas. Al cierre de 2024, la Agencia Nacional de Tierras reporta cerca de 720 mil hectáreas y una parte sustancial corresponde a la formalización de tenencia preexistente, no a la redistribución de tierras nuevas. El cuello de botella está documentado: capacidad operativa de la ANT, lentitud en los procesos de extinción de dominio agraria por inexplotación (Ley 160 de 1994, artículo 52), y débil articulación con la Unidad de Restitución de Tierras. Profundizar la meta sin rediseñar el cuello de botella institucional reproduce la brecha entre el anuncio y la ejecución. La propuesta tampoco define qué significa ""recuperar activos productivos estratégicos""; si ello implica una adquisición forzosa, requiere indemnización previa (artículo 58 de la Constitución), lo cual no se contempla."
"ce135","p116","exp012","El diagnóstico es correcto: la captura de valor fuera de la finca es donde se concentra el ingreso del sistema agroalimentario. La evidencia internacional y los estudios recientes sobre encadenamientos inclusivos en Colombia muestran, sin embargo, que la infraestructura de transformación administrada únicamente por estructuras comunitarias, sin un actor ancla comercial, sin contratos estables de oferta y sin un diagnóstico previo de la demanda, presenta un patrón de subutilización documentado. La política agroindustrial efectiva combina el actor ancla, la asociatividad y los servicios públicos. El modelo cien por ciento comunitario es la mitad de la ecuación."
"ce136","p117","exp012","La pérdida del algodón en Córdoba y Cesar tiene una explicación más compleja que la apertura económica: caída de la productividad por plagas, descenso de los precios internacionales, ausencia de variedades resistentes y debilidad del paquete tecnológico. ""Rescatar"" una cadena sin atender las restricciones técnicas que la hicieron inviable repite el patrón del Plan País Maíz y otros programas sectoriales con resultados magros. Recuperar la producción no es restaurar el pasado; exige un paquete tecnológico actualizado, semillas adaptadas y un mercado verificado. El programa no aborda ninguno de los tres."
"ce137","p115","exp012","El compromiso de cobertura universal sin priorización territorial reproduce el problema fiscal del Plan Nacional de Vías Terciarias, cuyo costo total estimado por la Contraloría supera los 50 billones de pesos. La inversión actual del sector es una fracción de esa cifra. Sin priorización de corredores, de nodos agroindustriales o de territorios estratégicos, la cobertura universal se traduce en obras dispersas de bajo impacto. La política rural requiere una estrategia territorial dual: nodos consolidados y territorios rezagados con criterios diferenciados, no un compromiso plano."
"ce138","p125","exp012","El acceso al crédito formal para el pequeño productor es una restricción documentada, y la propuesta atiende una demanda real. Amarrar el crédito al proveedor de agroinsumos, sin embargo, tiene una evidencia adversa específica: el modelo de financiación atada al suministro de insumos genera dependencia, captura de margen por el proveedor y endeudamiento crónico. El patrón está documentado en cadenas como las de arroz tecnificado, maíz amarillo y algodón. El Banco Agrario y Finagro operan líneas que no requieren amarre comercial. La simplificación de trámites es legítima; el amarre no."
"ce139","p128","exp012","a frontera agrícola colombiana, definida por la Unidad de Planificación Rural Agropecuaria (UPRA, 2018), comprende cerca de 40 millones de hectáreas aptas, de las cuales aproximadamente siete millones están en uso agrícola y el resto en ganadería extensiva, áreas protegidas, resguardos, zonas de reserva campesina y baldíos en conflicto. Sumar un millón de hectáreas ""nuevas"" implica reconversión de ganadería extensiva (factible y deseable) o expansión sobre bosques (incompatible con los compromisos climáticos del propio programa y con las metas de cero deforestaciones). La propuesta no distingue entre las dos rutas. Como antecedente, el modelo de zonas francas agroindustriales y de ZIDRES (Ley 1776 de 2016) ha mostrado una concentración de la propiedad y una baja inclusión efectiva de pequeños productores en la Altillanura. Sin un diseño contractual que asegure la participación, repetir la fórmula reproduce el patrón."
"ce140","p131","exp012"," La redacción sugiere un instrumento paralelo al catastro multipropósito. El catastro multipropósito ES el instrumento moderno de gestión predial; crear una actualización separada en paralelo duplica esfuerzos, descoordina la información territorial y desorienta el ordenamiento. Si la intención es acelerar el catastro multipropósito, conviene decirlo así. Si la intención es un instrumento previo distinto, conviene explicar por qué y cómo se integra. Sin esa precisión, la propuesta contraviene el propio objetivo de seguridad jurídica."
"ce141","p132","exp012","El marco conceptual es correcto: el desarrollo productivo agropecuario se alinea con la nueva generación de políticas industriales documentada por la CEPAL. La meta cuantitativa, sin embargo, parte de una línea base verificable: solo el 12,3% de los pequeños productores recibe asistencia técnica y el 3,7% está formalmente asociado (Censo Nacional Agropecuario). Pasar a 50% de vinculación a procesos de transformación en cuatro años exige multiplicar por cuatro la cobertura de extensión y por trece la asociatividad efectiva. Sin rediseño operativo de la Agencia de Desarrollo Rural, AGROSAVIA y el Sistema Nacional de Innovación Agropecuaria, y sin presupuesto declarado, la meta es retórica. La orientación es correcta. La ruta de ejecución no está."
"ce142","p136","exp012","La diversificación de la canasta exportadora es una meta legítima. El problema es la ausencia. Colombia importa más del 80% del maíz, más del 90% de la soya y prácticamente la totalidad del trigo que consume; la inseguridad alimentaria moderada o grave afectó al 25,5% de los hogares en 2024, con una incidencia de 34,2% en zonas rurales (DANE). Una política agroindustrial centrada en exportación, sin contrapeso explícito de sustitución de importaciones en granos básicos y de canastas nutritivas internas, profundiza la paradoja regional documentada por la CEPAL: América Latina exporta y al mismo tiempo concentra cerca de 267 millones de personas en inseguridad alimentaria. El programa no menciona la Ley 2046 de 2020 ni sustitución de importaciones. El silencio es la bandera."
"ce143","p135","exp012","La propuesta crea la Plataforma Nacional Agroclimática, el Plan Nacional de Restauración Productiva, planes climáticos por cadena, el programa Jóvenes por el Clima y mecanismos de financiamiento verde. Cada uno es defendible por separado. La articulación con instrumentos vigentes —SISCLIMA, el Plan Integral de Gestión del Cambio Climático del sector agropecuario, el Plan Nacional de Adaptación, las líneas verdes de Finagro, AGROSAVIA— no se explicita. Si los nuevos instrumentos son arquitectura paralela y no rediseño de los existentes, el riesgo es fragmentación institucional. Una política climática sectorial efectiva fortalece y articula; no superpone."
"ce144","p141","exp012","El DNP es órgano administrativo del nivel central encargado de asesorar al Presidente y al CONPES (Decreto 2189 de 2017). La planeación territorial es competencia constitucional de municipios y departamentos (artículos 311 y 298). La Ley 1962 de 2019 ya creó la figura de las Regiones Administrativas y de Planificación. La propuesta mezcla dos cosas distintas: regionalizar la asesoría técnica del DNP, lo cual es factible administrativamente, y trasladar la planeación regional al DNP, lo cual invade la competencia territorial. Sin la distinción, la propuesta no es viable institucionalmente. Lo que probablemente busca —fortalecer la planeación territorial con apoyo técnico nacional— ya cuenta con un marco vigente."
"ce145","p144","exp012","El modelo de alianzas productivas con la participación de pequeños productores está en línea con el consenso técnico actual. La promesa de socios con utilidades exige, sin embargo, un marco contractual específico: participación accionaria, voz en decisiones de cierre y reinversión, distribución de cargas y utilidades, salida con valorización. Las alianzas estratégicas previstas en la Ley 1776 de 2016 (ZIDRES) no produjeron este modelo en la práctica: los contratos asimétricos derivaron en dependencia, no en sociedad. Sin un nuevo diseño contractual, repetir la promesa reproduce el patrón. La propuesta no detalla el diseño."
"ce146","p145","exp012","La formalización es necesaria. El problema documentado en la Orinoquía no es solamente la informalidad: es el origen irregular de parte de la propiedad consolidada, derivado de la adjudicación de baldíos a empresas por encima de la Unidad Agrícola Familiar permitida por la Ley 160 de 1994. Algunos casos están en proceso ante la jurisdicción contencioso administrativa. Formalizar sin resolver el origen consolida concentración irregular y blinda situaciones que la propia Reforma Rural Integral debe revertir. La seguridad jurídica para el inversionista no puede construirse a costa de la seguridad jurídica del proceso de restitución."
"ce147","p119","exp013","El programa identifica con corrección uno de los mayores cuellos de botella del desarrollo rural colombiano: la informalidad en la tenencia de la tierra. La apuesta por una titulación masiva de los predios rurales informales es acertada porque corrige una falla histórica de la política agraria, habilita el uso de la tierra como activo productivo y financiero, y reduce los conflictos por uso y ocupación que alimentan la violencia rural. Sin embargo, carece de metas cuantitativas verificables y de rutas concretas de implementación. No se indica cuántos predios se titularán por año, qué entidad ejecutará la titulación masiva, qué presupuesto se asignará, ni cómo se articulará con el catastro multipropósito y la Agencia Nacional de Tierras."
"ce148","p204","exp013","La provisión de seguridad física para veredas y corregimientos es un acierto. Sin orden público no hay inversión privada de largo plazo, no hay extensión rural sostenida, y no hay posibilidad real de operar cadenas agroindustriales en territorios con presencia de economías ilegales. El programa entiende que la seguridad es bien público habilitante de cualquier política productiva."
"ce149","p206","exp013","La distinción explícita entre una política de agricultura productiva y de exportación, por un lado, y una de agricultura campesina y familiar, por otro, es un avance conceptual frente al tratamiento indiferenciado que suele darse al sector."
"ce150","p122","exp013","En el frente de competitividad, las apuestas por insumos a menor costo, distritos de riego y vías terciarias atacan tres restricciones estructurales bien diagnosticadas en la literatura: costos de producción inflados, baja área tecnificada con riego y altísimos costos logísticos de poscosecha. Sin embargo, la intervención sobre precios de fertilizantes requeriría definición técnica: subsidio directo, compras agregadas, sustitución por bioinsumos o regulación de mercado. La propuesta no precisa la herramienta, lo que dificulta evaluar su viabilidad fiscal y su efecto sobre los incentivos productivos."
"ce151","p207","exp013","La expansión de 1,5 millones de hectáreas en la altillanura (""el Matto Grosso colombiano"") es ambiciosa pero plantea riesgos no resueltos en materia de restitución de tierras, Unidad Agrícola Familiar, zonificación ambiental, traslape con resguardos y comunidades étnicas, y conflicto con la política de restauración de bosques. Sin un instrumento de ordenamiento productivo y ambiental claro, la propuesta puede entrar en tensión con compromisos climáticos del país."
"ce152","p208","exp013","La meta no viene acompañada de cronograma ni de mecanismos de financiamiento."
"ce153","p118","exp013","Un Programa Nacional de Pesca y Piscicultura que integra a la economía pesquera artesanal es una inclusión novedosa."
"ce154","p116","exp013","La propuesta de redes de acopio, cuartos fríos, secaderos y plantas de transformación administradas por juntas de acción comunal y asociaciones campesinas es un acierto."
"ce155","p116","exp013","Se prometen funciones —protección integral, asistencia técnica, precios justos, comercio justo— sin precisar las entidades que las ejecutarán ni la articulación con la Agencia Nacional de Tierras, la Agencia de Desarrollo Rural, la Unidad de Restitución de Tierras, FINAGRO o el ICA. El riesgo es la duplicación institucional y la disipación de responsabilidades. Tampoco se aborda la productividad por hectárea, ni la inserción del campo colombiano en mercados internacionales, ni la modernización tecnológica más allá del enunciado."
"ce156","p113","exp013","La continuación de la reforma agraria en clave de redistribución, restitución y recuperación de activos es legítima como apuesta política, pero requiere reconocer el desempeño efectivo del esquema vigente y proponer ajustes operativos concretos. El programa no lo hace."
"ce157","p130","exp013","La consolidación de pagos por servicios ambientales (PSA), pago por resultados ambientales, incentivo forestal y beneficios tributarios para conservación constituye un paquete de negocios verdes coherente."
"ce158","p131","exp013","La propuesta articula instrumentos de política identificables: catastro multipropósito reorientado como herramienta de titulación (y no como vehículo fiscalista), garantías mobiliarias y títulos valores representativos de commodities como mecanismos de acceso al crédito, zonas francas agroindustriales como esquema de atracción de inversión, y FINAGRO como vehículo financiero para reforestación comercial."
"ce159","p133","exp013","Vincular cada proceso de formalización a un paquete productivo completo (asistencia técnica, crédito, infraestructura, mercados) atiende la crítica clásica de que la sola entrega de tierra sin acompañamiento productivo termina en abandono o reventa."
"ce160","p139","exp013","La propuesta de fortalecer capacidades técnicas y fiscales de los municipios rurales, modernizar el predial y financiar bienes públicos territoriales corrige el centralismo que ha caracterizado la política sectorial."
"ce161","p138","exp013","La transformación de la caficultura sobre tres pilares (nueva generación cafetera, productividad con desarrollo regulado del robusta, e institucionalidad cafetera) es técnicamente robusta."
"ce162","p137","exp013","La propuesta de altillanura coincide con la de otros candidatos pero no precisa escala, modelo de tenencia ni instrumentos diferenciados frente al esquema de zonas francas o frente a la asociatividad campesina."
"ce163","p144","exp013","La propuesta más relevante es el reconocimiento de los campesinos como socios en los Llanos y la Orinoquía, mediante modelos asociativos en los que el propietario rural participa como socio directo y recibe utilidades de los proyectos agroindustriales. Es una visión innovadora frente al modelo asistencial tradicional: convierte al campesino en parte activa del negocio en lugar de tratarlo como beneficiario de subsidios. Bien diseñado, este esquema puede destrabar el desarrollo agroindustrial de la altillanura sin reproducir el conflicto histórico por la tenencia. Sin embargo, no se precisa el marco jurídico del esquema asociativo (sociedad mercantil, contrato de cuentas en participación, fiducia, esquemas mixtos), ni los instrumentos de mitigación de riesgo para el campesino-socio."
"ce164","p145","exp013","La apuesta por formalización masiva de la propiedad y actualización del catastro multipropósito en los Llanos y la Orinoquía es también acertada: dota al Estado de la información predial necesaria y otorga seguridad jurídica sobre la tenencia de la tierra, condición indispensable para atraer inversión productiva responsable en una de las regiones con mayor potencial agroindustrial del país."
"ce165","p140","exp013","El énfasis en ordenamiento territorial moderno —con actualización de los POT, planeación a escala metropolitana y regional, y descentralización del Departamento Nacional de Planeación hacia una lógica regional— es coherente con la idea de que la decisión sobre el uso del suelo debe acercarse al territorio. El fortalecimiento de capacidades técnicas municipales complementa esta dirección."
"ce166","p209","exp013","La inclusión del componente marino-costero es un acierto distintivo: es la única propuesta que aborda la economía azul de manera explícita, con la meta de restaurar 1 millón de corales, beneficiar a pescadores y dinamizar turismo costero. La política oceánica suele estar ausente del debate agrario y aquí se optimiza."
"ce167","p210","exp013","La estrategia de recuperación territorial frente a economías criminales en parques y áreas de reserva —siendo correcta en el diagnóstico— supone una capacidad operativa de Fuerza Pública y Parques Nacionales."
"ce168","p211","exp013","La meta de duplicar y media la participación de la bioeconomía en el PIB en cuatro años es ambiciosa y requeriría una ruta de inversión pública y privada importante."
"ce169","p212","exp013","La línea ambiental tiene la virtud de convertir la conservación en fuente de ingresos, en lugar de plantearla como restricción al desarrollo."
"ce170","p130","exp013","La línea ambiental tiene la virtud de convertir la conservación en fuente de ingresos, en lugar de plantearla como restricción al desarrollo."
"ce171","p213","exp013","La línea ambiental tiene la virtud de convertir la conservación en fuente de ingresos, en lugar de plantearla como restricción al desarrollo."
"ce172","p040","exp011","Los planes de gobierno de los candidatos difieren en su nivel de detalle, siendo el más vago e inespecífico el de Cepeda, quizá porque el candidato ha manifestado públicamente su intención de continuar con las medidas del gobierno actual. Esto permite predecir que su plan de gobierno no está orientado a recuperar al sistema de la crisis actual sino a terminarlo de desmantelar para implementar el modelo que el gobierno saliente intentó implementar con su proyecto de reforma. "
"ce173","p121","exp006","Sin una gobernanza seria en materia de compra de tierras y catastro multipropósito, los procesos de titulación no van a avanzar. Actualmente, se desarrolla un programa de compra de tierras (en cumplimiento del acuerdo de paz) y de catastro que pasó del 9% (cuatrienio Duque) al 30% (feb 2025) en el actual gobierno."
"ce174","p125","exp006","Ya existen líneas especiales de crédito de fomento con tasas subsidiadas y segmentadas para pequeños y medianos productores ofrecidas por Finagro y Banco Agrario que simplifican trámites sin generar distorsiones en el sistema de financiamiento agropecuario."
"ce175","p125","exp006","Puede generar dependencia de ciertos proveedores además de una lógica de integración en donde el gran productor termina accediendo al crédito barato para venderlo caro a los pequeños."
"ce176","p145","exp006","Esta propuesta ignora que ya hay una política pública en materia de ordenamiento rural de la propiedad, que identifica y gestiona la compra de tierras, así como una gobernanza de catastro multipropósito que identifica y gestiona el uso del suelo."